Designator,Val,Package,Mid X,Mid Y,Rotation,Layer
C1,1u,C_0402_1005Metric,90.300589,-115.209411,315.0,bottom
C2,1u,C_0402_1005Metric,90.4,-110.85,45.0,bottom
C3,1u,C_0402_1005Metric,93.89,-108.44,-135.0,top
C4,1u,C_0402_1005Metric,92.98,-117.95,45.0,top
C5,1u,C_0402_1005Metric,97.2,-113.74,-135.0,top
C6,1u,C_0402_1005Metric,93.2,-107.76,-135.0,top
C7,1u,C_0402_1005Metric,89.7,-111.53,45.0,bottom
C8,1u,C_0402_1005Metric,87.21,-114.04,-45.0,top
C9,1u,C_0402_1005Metric,93.710589,-115.160589,225.0,bottom
C10,1u,C_0402_1005Metric,95.160589,-109.739411,-135.0,top
C11,1u,C_0402_1005Metric,90.17,-108.49,-45.0,top
C12,1u,C_0402_1005Metric,86.97,-112.27,45.0,top
C13,1u,C_0402_1005Metric,85.11,-52.475,-90.0,top
C14,10u,C_0603_1608Metric,82.34,-52.46,90.0,top
C15,10u,C_0603_1608Metric,83.86,-52.46,90.0,top
C16,1u,C_0402_1005Metric,91.51,-107.79,-135.0,top
C17,1u,C_0402_1005Metric,84.08,-95.83,135.0,top
C18,1u,C_0402_1005Metric,82.54,-94.25,135.0,top
C19,1u,C_0402_1005Metric,82.22,-104.04,135.0,top
C20,1u,C_0402_1005Metric,83.470589,-102.169411,-135.0,top
C21,1u,C_0402_1005Metric,75.76,-93.81,45.0,top
C22,1u,C_0402_1005Metric,84.81,-100.82,-135.0,top
C23,6n8,C_0402_1005Metric,86.039411,-107.369411,-45.0,top
C24,6n8,C_0402_1005Metric,85.37,-108.04,-45.0,top
C25,1u,C_0402_1005Metric,82.63,-113.34,135.0,top
C26,10n,C_0603_1608Metric,86.8,-102.88,-90.0,top
C27,100n,C_0603_1608Metric,117.65,-100.885,90.0,top
C28,10u,C_0603_1608Metric,84.31,-94.26,135.0,top
C29,1u,C_0402_1005Metric,81.21,-92.95,-45.0,top
C30,1u,C_0402_1005Metric,111.34,-61.09,180.0,top
C31,100n,C_0603_1608Metric,71.38,-61.62,180.0,top
C32,1u,C_0402_1005Metric,102.195,-109.08,180.0,top
C33,1u,C_0402_1005Metric,102.18,-108.1,180.0,top
C34,100n,C_0603_1608Metric,61.17,-61.61,180.0,top
C35,10u,C_0603_1608Metric,70.26,-78.1725,-90.0,top
C36,10u,C_0603_1608Metric,72.825,-80.9175,180.0,top
C37,1n,C_1206_3216Metric,59.39,-59.37,0.0,top
C38,100n,C_0603_1608Metric,58.8,-114.8,0.0,top
C39,100n,C_0603_1608Metric,58.8,-113.2,0.0,top
C40,1n,C_1206_3216Metric,62.38,-125.32,0.0,top
C41,100n,C_0603_1608Metric,71.4,-140.9,90.0,top
C42,100n,C_0603_1608Metric,69.9,-140.9,90.0,top
C43,1n,C_1206_3216Metric,59.17,-137.29,90.0,top
C44,100n,C_0603_1608Metric,92.1,-141.0,90.0,top
C45,100n,C_0603_1608Metric,90.6,-141.0,90.0,top
C46,1n,C_1206_3216Metric,81.1,-134.7,90.0,top
C47,100n,C_0603_1608Metric,113.2,-141.2375,90.0,top
C48,100n,C_0603_1608Metric,111.7,-141.2375,90.0,top
C49,1n,C_1206_3216Metric,103.78,-134.29,90.0,top
C50,1u,C_0402_1005Metric,118.089411,-55.140589,45.0,top
C51,1u,C_0402_1005Metric,88.59,-116.73,45.0,top
C52,1u,C_0402_1005Metric,115.04,-93.905,90.0,top
C53,10u,C_0603_1608Metric,113.75,-93.925,-90.0,top
C54,10u,C_0603_1608Metric,111.36,-97.1625,90.0,top
C55,4n7,C_0402_1005Metric,117.95,-87.04,-90.0,top
C56,1u,C_0402_1005Metric,124.095,-114.96,0.0,top
C57,1u,C_0402_1005Metric,107.71,-78.45,0.0,top
C58,1u,C_0402_1005Metric,111.63,-80.43,180.0,top
C59,1u,C_0402_1005Metric,124.665,-91.715,-90.0,top
C60,10u,C_0603_1608Metric,70.09,-83.93,-90.0,top
C61,10u,C_0603_1608Metric,72.82,-86.87,180.0,top
C62,10u,C_0603_1608Metric,77.37,-83.32,180.0,top
C63,4n7,C_0402_1005Metric,121.595,-114.92,0.0,top
C64,C_Polarized_Small,CP_Radial_D6.3mm_P2.50mm,113.39762,-88.915,180.0,top
C65,10u,C_0603_1608Metric,112.89,-97.185,90.0,top
C66,1u,C_0402_1005Metric,108.59,-97.22,-90.0,top
C67,10u,C_0603_1608Metric,107.07,-97.07,90.0,top
C68,10u,C_0603_1608Metric,109.841992,-97.211992,90.0,top
C69,C_Polarized_Small,CP_Radial_D6.3mm_P2.50mm,113.89,-109.092379,-90.0,top
D1,D_Schottky,D_SMA,95.94,-104.38,0.0,top
D2,green,LED_0805_2012Metric,87.589099,-89.404227,180.0,top
D3,green,LED_0805_2012Metric,87.62,-87.4,180.0,top
D4,green,LED_0805_2012Metric,87.641599,-85.424227,180.0,top
D5,green,LED_0805_2012Metric,87.66,-83.417271,180.0,top
D6,green,LED_0805_2012Metric,72.0975,-70.06,0.0,top
D7,green,LED_0805_2012Metric,72.09,-68.015,0.0,top
D8,red,LED_0603_1608Metric,60.5475,-85.77,180.0,top
D9,SMF6.0CA,D_SOD-123F,61.8,-114.0,90.0,top
D10,SMF6.0CA,D_SOD-123F,65.8,-121.5,0.0,top
D11,SMF6.0CA,D_SOD-123F,70.6,-111.1,-90.0,top
D12,SMF6.0CA,D_SOD-123F,73.0,-112.6,-90.0,top
D13,SMF6.0CA,D_SOD-123F,70.7,-118.4,90.0,top
D14,SMF6.0CA,D_SOD-123F,73.1,-119.4,90.0,top
D15,SMF6.0CA,D_SOD-123F,70.6,-138.0,180.0,top
D16,SMF6.0CA,D_SOD-123F,77.5,-134.3,90.0,top
D17,SMF6.0CA,D_SOD-123F,69.2,-127.5,0.0,top
D18,SMF6.0CA,D_SOD-123F,70.3,-129.9,0.0,top
D19,SMF6.0CA,D_SOD-123F,74.8,-129.9,180.0,top
D20,SMF6.0CA,D_SOD-123F,76.3,-127.5,180.0,top
D21,SMF6.0CA,D_SOD-123F,91.4,-138.1,180.0,top
D22,SMF6.0CA,D_SOD-123F,98.4,-134.2,90.0,top
D23,SMF6.0CA,D_SOD-123F,90.2,-127.1,0.0,top
D24,SMF6.0CA,D_SOD-123F,91.4,-129.5,0.0,top
D25,SMF6.0CA,D_SOD-123F,95.9,-129.5,180.0,top
D26,SMF6.0CA,D_SOD-123F,97.3,-127.1,180.0,top
D27,SMF6.0CA,D_SOD-123F,112.4,-138.2,180.0,top
D28,SMF6.0CA,D_SOD-123F,119.3,-134.2,90.0,top
D29,SMF6.0CA,D_SOD-123F,110.6,-127.1,0.0,top
D30,SMF6.0CA,D_SOD-123F,112.3,-129.5,0.0,top
D31,SMF6.0CA,D_SOD-123F,116.8,-129.5,180.0,top
D32,SMF6.0CA,D_SOD-123F,118.4,-127.2,180.0,top
D33,D_Schottky,D_SMA,67.4675,-74.63,180.0,top
D34,D_Schottky,D_SMA,66.02,-80.7425,-90.0,top
D36,D_Schottky,D_SMA,110.6,-82.8,180.0,top
D37,D_Schottky,D_SMA,126.22,-80.73,90.0,top
FB1,FerriteBead_Small,R_0805_2012Metric,61.2,-70.91,180.0,top
FID1,Fiducial,Fiducial_0.5mm_Mask1mm,55.0,-140.0,0.0,top
J1,Conn_01x04,PinHeader_1x04_P2.54mm_Vertical,122.0,-56.2,180.0,top
J2,Conn_01x06,PinHeader_1x06_P2.54mm_Vertical,98.12,-88.14,0.0,top
J3,Conn_01x06,PinHeader_1x06_P2.54mm_Vertical,94.59,-75.14,-90.0,top
J4,USB_C_Receptacle,USB_C_Receptacle_HRO_TYPE-C-31-M-12,53.0,-66.0,-90.0,top
J5,Conn_01x04,PinHeader_1x04_P2.54mm_Vertical,113.8,-52.0,90.0,top
J6,Conn_01x04,PinHeader_1x04_P2.54mm_Vertical,110.88,-68.49,180.0,top
J7,RJ45 Abracon ARJM11B1,RJ45_Abracon_ARJM11B1,58.005,-114.29,90.0,bottom
J8,RJ45 Abracon ARJM11B1,RJ45_Abracon_ARJM11B1,70.29,-141.995,0.0,bottom
J9,RJ45 Abracon ARJM11B1,RJ45_Abracon_ARJM11B1,91.29,-141.995,0.0,bottom
J10,RJ45 Abracon ARJM11B1,RJ45_Abracon_ARJM11B1,112.29,-141.995,0.0,bottom
J11,Conn_01x02,PinHeader_1x02_P2.54mm_Vertical,53.32,-87.35,180.0,top
J12,Conn_01x02,TerminalBlock_Altech_AK300-2_P5.00mm,56.79,-78.28,-90.0,top
J13,Conn_01x02,MYOUNG MY-18650-01,140.888,-107.0665,-90.0,top
J14,Jack-DC,BarrelJack_Wuerth_6941xx301002,133.76,-58.08,180.0,top
J15,Conn_01x06,PinHeader_1x06_P2.54mm_Vertical,121.62,-72.59,180.0,top
L1,33u,SWPA6045S330MT,113.11,-102.525,180.0,top
R1,49R9,R_0402_1005Metric,81.87,-110.78,180.0,top
R2,49R9,R_0402_1005Metric,81.85,-111.79,180.0,top
R3,10k,R_0603_1608Metric_Pad0.98x0.95mm_HandSolder,78.99,-71.02,0.0,top
R4,10k,R_0603_1608Metric_Pad0.98x0.95mm_HandSolder,78.99,-72.56,0.0,top
R5,10,R_0402_1005Metric,85.14,-105.47,90.0,top
R6,10,R_0402_1005Metric,84.01,-105.61,90.0,top
R7,10,R_0402_1005Metric,83.03,-109.79,135.0,top
R8,10,R_0402_1005Metric,84.16,-109.49,135.0,top
R9,49R9,R_0402_1005Metric,86.73,-104.945,180.0,top
R10,49R9,R_0402_1005Metric,86.73,-105.92,180.0,top
R11,2k,R_0402_1005Metric,83.84,-112.52,45.0,top
R12,470,R_0402_1005Metric,85.2,-111.17,45.0,top
R13,10k,R_0603_1608Metric_Pad0.98x0.95mm_HandSolder,72.66,-106.08,180.0,top
R14,10k,R_0603_1608Metric_Pad0.98x0.95mm_HandSolder,72.66,-104.56,180.0,top
R15,10k,R_0603_1608Metric_Pad0.98x0.95mm_HandSolder,72.66,-103.04,180.0,top
R16,1k,R_0603_1608Metric,54.81,-124.1,180.0,top
R17,3k9,R_0402_1005Metric,97.55,-101.46,180.0,top
R18,3k9,R_0402_1005Metric,97.53,-100.42,180.0,top
R19,0R1,R_1206_3216Metric,121.52,-107.52,0.0,top
R20,470,R_0402_1005Metric,86.2,-98.74,180.0,top
R21,0R1,R_1206_3216Metric,121.49,-109.81,0.0,top
R22,1k,R_0603_1608Metric,80.06,-145.11,-90.0,top
R23,5R1,R_0402_1005Metric,121.04,-113.46,-90.0,top
R24,12k,R_0805_2012Metric,88.19,-99.6075,-90.0,top
R25,1k,R_0603_1608Metric,101.06,-145.3,-90.0,top
R26,1k,R_0603_1608Metric,111.48,-147.02,-90.0,top
R27,10k,R_0603_1608Metric,100.86,-82.79,-90.0,top
R28,1k,R_0805_2012Metric,91.036599,-89.424227,0.0,top
R29,1k,R_0805_2012Metric,91.0575,-87.4,0.0,top
R30,1k,R_0805_2012Metric,91.079099,-85.424227,0.0,top
R31,1k,R_0805_2012Metric,91.0875,-83.427271,0.0,top
R32,5k1,R_0402_1005Metric,58.82,-64.16,90.0,top
R33,5k1,R_0402_1005Metric,59.58,-68.19,0.0,top
R34,10k,R_0603_1608Metric,68.02,-61.62,0.0,top
R35,10k,R_0603_1608Metric,114.02,-61.36,180.0,top
R36,5k1,R_0402_1005Metric,108.8,-57.69,90.0,top
R37,5k1,R_0402_1005Metric,107.76,-57.19,90.0,top
R38,10k,R_0603_1608Metric,100.51,-107.9,90.0,top
R39,10k,R_0603_1608Metric,64.59,-61.61,0.0,top
R40,1k,R_0805_2012Metric,68.66,-70.05,180.0,top
R41,1k,R_0805_2012Metric,68.6675,-68.01,180.0,top
R42,1k,R_0603_1608Metric,57.3775,-85.76,0.0,top
R43,2k,R_0603_1608Metric,91.13,-100.34,-90.0,top
R44,10,R_0402_1005Metric,75.39,-118.2,180.0,top
R45,10,R_0402_1005Metric,75.4,-117.2,180.0,top
R46,10,R_0402_1005Metric,75.21,-113.8,180.0,top
R47,10,R_0402_1005Metric,75.7,-114.8,180.0,top
R48,2k,R_0603_1608Metric,71.22,-89.9,0.0,top
R49,10,R_0402_1005Metric,74.8,-125.3,-90.0,top
R50,10,R_0402_1005Metric,73.8,-125.3,-90.0,top
R51,10,R_0402_1005Metric,72.4,-123.7,-90.0,top
R52,10,R_0402_1005Metric,71.4,-124.4,-90.0,top
R53,10k,R_0603_1608Metric,63.94,-87.22,180.0,top
R54,10,R_0402_1005Metric,95.8,-124.9,-90.0,top
R55,10,R_0402_1005Metric,94.8,-124.9,-90.0,top
R56,10,R_0402_1005Metric,92.68,-124.9,-90.0,top
R57,10,R_0402_1005Metric,93.7,-124.3,-90.0,top
R58,10k,R_0603_1608Metric,63.9475,-85.71,0.0,top
R59,10,R_0402_1005Metric,116.8,-124.89,-90.0,top
R60,10,R_0402_1005Metric,115.8,-124.89,-90.0,top
R61,10,R_0402_1005Metric,112.4,-124.89,-90.0,top
R62,10,R_0402_1005Metric,113.4,-125.5,-90.0,top
R63,47k,R_0402_1005Metric,121.98,-89.665,180.0,top
R64,5R1,R_0402_1005Metric,122.03,-113.47,-90.0,top
R65,47k,R_0402_1005Metric,120.51,-89.225,90.0,top
R66,10k,R_0603_1608Metric,83.77,-73.38,0.0,top
R67,10k,R_0603_1608Metric,121.52,-90.995,0.0,top
R68,470,R_0402_1005Metric,110.14,-78.91,-90.0,top
R69,2k,R_0402_1005Metric,109.16,-78.91,90.0,top
R70,10k,R_0603_1608Metric,120.015,-100.185,0.0,top
R71,10k,R_0603_1608Metric,83.77,-74.91,180.0,top
R72,0R1,R_1206_3216Metric,76.97,-80.35,180.0,top
R73,0R1,R_1206_3216Metric,76.87,-86.43,180.0,top
R74,10k,R_0603_1608Metric,119.19,-87.225,90.0,top
R75,10k,R_0603_1608Metric,119.19,-90.25,90.0,top
R76,120k,R_0603_1608Metric,117.62,-90.265,90.0,top
R77,120k,R_0603_1608Metric,117.685,-73.32,180.0,top
SW1,MCU_RESET,PTS526SK15SMTR2LFS,72.89,-55.76,90.0,top
SW2,MCU_RESET,PTS526SK15SMTR2LFS,90.95,-94.21,180.0,top
SW3,MCU_RESET,PTS526SK15SMTR2LFS,65.58,-55.75,90.0,top
U1,ESP32-S3-WROOM-1,ESP32-S3-WROOM-1,95.5,-60.0,0.0,top
U2,W5500,LQFP-48_7x7mm_P0.5mm,78.9,-98.7,135.0,top
U3,RTL8305NB-VB-CG,QFN-48-1EP_6x6mm_P0.4mm_EP4.6x4.6mm,92.0584,-113.06967,45.0,top
U4,SRV05-4,SOT-23-6,61.09,-65.6,90.0,top
U5,CAT24C256,SOIC-8_3.9x4.9mm_P1.27mm,113.24,-57.81,180.0,top
U6,XC6206PxxxMR,SOT-23-3,72.75,-84.0525,90.0,top
U8,INA219AxD,SOIC-8_3.9x4.9mm_P1.27mm,122.91,-119.205,90.0,top
U9,CJ431,SOT-23,108.6925,-76.22,180.0,top
U10,MCP6002-xSN,SOIC-8_3.9x4.9mm_P1.27mm,114.4,-77.2,180.0,top
U11,AD5337,MSOP-8_3x3mm_P0.65mm,126.935,-90.0575,90.0,top
U12,XC6206PxxxMR,SOT-23-3,72.88,-78.0525,90.0,top
U13,RT7272B,SOIC-8-1EP_3.9x4.9mm_P1.27mm_EP2.29x3mm_ThermalVias,118.315,-95.56,90.0,top
Y1,25MHz,Crystal_SMD_3225-4Pin_3.2x2.5mm,90.08,-103.87,180.0,top
Y2,25MHz,Crystal_SMD_3225-4Pin_3.2x2.5mm,73.66,-92.38,-135.0,top
